name,steps,lr,train_time_s,final_total,final_pde,final_conditions,final_data,test_mse_u,test_mse_residual
VanillaPINN,2000,0.001,44.164775133132935,0.0007827095105312765,7.54235516069457e-05,6.86591665726155e-05,2.0694275008281693e-05,0.0001490869908593595,0.00012965212226845324
VPINN,2000,0.001,43.5403208732605,5.026936196372844e-05,5.016861905460246e-05,2.679963140295172e-09,7.394316270392665e-08,7.62357643679934e-08,4.973754403181374e-05
PINNsFormer,2000,0.001,892.39404129982,0.0002447858569212258,9.481496817898005e-05,8.080330644588685e-07,0.00014189057401381433,0.006393932271748781,0.014963753521442413
PIELM(wrap),2000,0.001,53.437671422958374,0.028515391051769257,0.02253268100321293,5.774148121417966e-06,0.0059249671176075935,0.004979216493666172,0.022381357848644257
