name,steps,lr,train_time_s,final_total,final_pde,final_conditions,final_data,test_mse_u,test_mse_residual
VanillaPINN,2000,0.001,38.137592792510986,2.2825133783044294e-05,1.5748830264783464e-05,6.918872372807527e-07,1.5743108860988286e-07,6.424801881621534e-07,1.5465080650756136e-05
VPINN,2000,0.001,38.273367166519165,2.3965369109646417e-05,1.8985925635206513e-05,4.77597154713294e-07,2.0347194151781878e-07,2.8785308359147166e-07,1.9502245777403004e-05
PINNsFormer,2000,0.001,887.0823192596436,0.0014023116091266274,0.00011448498844401911,0.00011486253060866147,0.00013920129276812077,0.0025341820437461138,0.010001517832279205
PIELM(wrap),2000,0.001,45.1687273979187,0.030256032943725586,0.023392213508486748,1.61053758347407e-05,0.0067027658224105835,0.006158275529742241,0.023344794288277626
