{
  "train_total": 0.22348342835903168,
  "train_pde": 0.04482250288128853,
  "train_bc": 0.017866093665361404,
  "test_pde_rms": 0.10964279621839523,
  "test_div_rms": 0.1300620585680008,
  "bc_mse": 0.01883585937321186,
  "test_l2_uv": 0.4635182321071625
}