name,steps,lr,train_time_s,final_total,final_pde,final_conditions,final_data,test_mse_u,test_mse_residual
VanillaPINN,2000,0.001,66.88303017616272,2.2825133783044294e-05,1.5748830264783464e-05,6.918872372807527e-07,1.5743108860988286e-07,6.424801881621534e-07,1.5465080650756136e-05
VPINN,2000,0.001,46.497722864151,2.3965369109646417e-05,1.8985925635206513e-05,4.77597154713294e-07,2.0347194151781878e-07,2.8785308359147166e-07,1.9502245777403004e-05
PIELM(wrap),2000,0.001,68.38311505317688,0.03001970425248146,0.024231450632214546,1.9627013898571022e-05,0.005591983441263437,0.006212973035871983,0.023746581748127937
