{
  "train_total": 0.2313503473997116,
  "train_pde": 0.05576975271105766,
  "train_bc": 0.017558058723807335,
  "test_pde_rms": 0.12606415152549744,
  "test_div_rms": 0.11443059891462326,
  "bc_mse": 0.019193317741155624,
  "test_l2_uv": 0.4512568712234497
}